chiselID,Context_artefacts::Site,Context_artefacts::Region,Category,Context_artefacts::Period,Context_artefacts::Type of context,Type,Length of chisel,Thickness of blade,Width of blade,Maximal width,Maximal thickness,Weight
174,Abu Rawash,Memphite region,model blade,"Old Kingdom, Dynasty 5",secondary,A,,,,,,
175,Abu Rawash,Memphite region,model blade,"Old Kingdom, Dynasty 5",secondary,D,,,,,,
957,Abu Rawash,Memphite region,model blade,"Old Kingdom, Dynasty 5",primary,D,48.0,,,,,
958,Abu Rawash,Memphite region,model blade,"Old Kingdom, Dynasty 5",primary,A,64.0,,,,,
959,Abu Rawash,Memphite region,model blade,"Old Kingdom, Dynasty 5",primary,A,50.5,,,,,
960,Abu Rawash,Memphite region,model blade,"Old Kingdom, Dynasty 5",primary,D,60.0,,,,,
180,Abu Rawash,Memphite region,model blade,"Old Kingdom, Dynasty 5 late or 6",secondary,A,,,,,,
181,Abu Rawash,Memphite region,model blade,"Old Kingdom, Dynasty 5 late or 6",secondary,A,,,,,,
128,Abu Rawash,Memphite region,model blade,"Old Kingdom, Dynasty 6",secondary,A,,,,,,
1071,Abu Rawash,Memphite region,model blade,"Old Kingdom, Dynasty 6",secondary,D,,,,,,
182,Abu Rawash,Memphite region,model blade,"Old Kingdom, Dynasty 5 late or 6",secondary,A,,,,,,
183,Abu Rawash,Memphite region,model blade,"Old Kingdom, Dynasty 5 late or 6",secondary,A,,,,,,
173,Abu Rawash,Memphite region,model blade,"Old Kingdom, Dynasty 6",secondary,A,,,,,,
176,Abu Rawash,Memphite region,model blade,"Old Kingdom, Dynasty 6",secondary,A,,,,,,
177,Abu Rawash,Memphite region,model blade,"Old Kingdom, Dynasty 6",secondary,A,,,,,,
179,Abu Rawash,Memphite region,model blade,"Old Kingdom, Dynasty 6",secondary,D,,,,,,
414,Abusir,Memphite region,model blade,"Old Kingdom, Dynasty 5",secondary,A,111.0,1.0,5.0,5.0,3.0,
415,Abusir,Memphite region,model blade,"Old Kingdom, Dynasty 5",secondary,A,111.0,1.0,4.0,5.0,2.0,
416,Abusir,Memphite region,model blade,"Old Kingdom, Dynasty 5",secondary,A,62.0,,9.0,9.0,1.0,
417,Abusir,Memphite region,model blade,"Old Kingdom, Dynasty 5",secondary,A,77.0,,9.0,10.0,0.5,
418,Abusir,Memphite region,model blade,"Old Kingdom, Dynasty 5",secondary,A,92.0,,11.0,12.0,1.0,
186,Abusir,Memphite region,model blade,"Old Kingdom, Dynasty 5",secondary,D,108.0,,5.0,8.0,4.0,
185,Abusir,Memphite region,model blade,"Old Kingdom, Dynasty 5",temple,A,68.0,,5.0,7.0,2.0,
877,Abusir,Memphite region,model blade,"Old Kingdom, Dynasty 5",secondary probably,A,,,,,,
878,Abusir,Memphite region,model blade,"Old Kingdom, Dynasty 5",secondary probably,A,,,,,,
879,Abusir,Memphite region,model blade,"Old Kingdom, Dynasty 5",secondary probably,A,,,,,,
880,Abusir,Memphite region,model blade,"Old Kingdom, Dynasty 5",secondary probably,A,,,,,,
881,Abusir,Memphite region,model blade,"Old Kingdom, Dynasty 5",secondary probably,A,,,,,,
882,Abusir,Memphite region,model blade,"Old Kingdom, Dynasty 5",secondary probably,A,,,,,,
883,Abusir,Memphite region,model blade,"Old Kingdom, Dynasty 5",secondary probably,A,,,,,,
884,Abusir,Memphite region,model blade,"Old Kingdom, Dynasty 5",secondary probably,A,,,,,,
885,Abusir,Memphite region,model blade,"Old Kingdom, Dynasty 5",secondary probably,A,,,,,,
886,Abusir,Memphite region,model blade,"Old Kingdom, Dynasty 5",secondary,D,121.0,,5.0,12.0,5.0,
887,Abusir,Memphite region,model blade,"Old Kingdom, Dynasty 5",secondary,D,97.0,,6.0,9.0,4.0,
187,Abusir,Memphite region,model blade,"Old Kingdom, Dynasty 5",secondary,A,70.0,,,7.0,0.0,0.0
660,Abusir,Memphite region,model blade,"Old Kingdom, Dynasty 5",secondary,A,67.0,,7.0,7.0,3.0,
1086,Abusir,Memphite region,model blade,"Old Kingdom, Dynasty 5",tertiary,A,55.0,1.0,6.0,6.5,,3.6
1084,Abusir,Memphite region,model blade,"Old Kingdom, Dynasty 5",secondary,A,73.0,,5.1,5.1,3.1,3.8
1085,Abusir,Memphite region,model blade,"Old Kingdom, Dynasty 5",secondary,A,71.5,1.4,4.7,6.0,3.0,4.5
26,Abusir,Memphite region,model blade,"Old Kingdom, Dynasty 5",primary,D,74.5,3.0,15.0,15.0,25.0,36.0
27,Abusir,Memphite region,model blade,"Old Kingdom, Dynasty 5",primary,D,75.0,1.0,3.0,5.0,2.0,36.0
28,Abusir,Memphite region,model blade,"Old Kingdom, Dynasty 5",primary,D,73.0,1.0,3.0,5.0,15.0,27.0
29,Abusir,Memphite region,model blade,"Old Kingdom, Dynasty 5",primary,D,79.0,1.0,3.0,5.0,2.0,3.0
30,Abusir,Memphite region,model blade,"Old Kingdom, Dynasty 5",primary,D,76.0,1.0,3.0,4.0,2.0,28.0
31,Abusir,Memphite region,model blade,"Old Kingdom, Dynasty 5",primary,D,77.0,1.0,3.0,4.0,15.0,27.0
32,Abusir,Memphite region,model blade,"Old Kingdom, Dynasty 5",primary,D,78.0,1.0,3.0,6.0,3.0,42.0
33,Abusir,Memphite region,model blade,"Old Kingdom, Dynasty 5",primary,A,64.5,1.0,4.0,4.0,15.0,15.0
35,Abusir,Memphite region,model blade,"Old Kingdom, Dynasty 5",primary,A,73.0,1.0,2.0,3.0,15.0,14.0
36,Abusir,Memphite region,model blade,"Old Kingdom, Dynasty 5",primary,A,57.0,1.0,3.0,3.0,2.0,18.0
381,Abusir,Memphite region,model artefact with handle,"Old Kingdom, Dynasty 5",secondary,A,66.0,,3.0,3.0,2.5,1.2
382,Abusir,Memphite region,model artefact with handle,"Old Kingdom, Dynasty 5",secondary,A,69.0,,25.0,25.0,2.0,1.4
383,Abusir,Memphite region,model artefact with handle,"Old Kingdom, Dynasty 5",secondary,A,67.0,,3.5,3.5,3.0,2.0
384,Abusir,Memphite region,model artefact with handle,"Old Kingdom, Dynasty 5",secondary,A,72.0,,3.0,3.0,2.5,2.0
385,Abusir,Memphite region,model artefact with handle,"Old Kingdom, Dynasty 5",secondary,A,70.5,,2.5,3.0,2.0,2.1
386,Abusir,Memphite region,model artefact with handle,"Old Kingdom, Dynasty 5",secondary,D,68.5,,2.0,3.0,2.0,1.8
387,Abusir,Memphite region,model artefact with handle,"Old Kingdom, Dynasty 5",secondary,D,68.0,,2.5,4.0,2.0,1.9
1119,Abusir,Memphite region,model artefact with handle,"Old Kingdom, Dynasty 5",secondary,D,67.0,,1.3,2.5,2.3,1.3
1120,Abusir,Memphite region,model artefact with handle,"Old Kingdom, Dynasty 5",secondary,A,69.0,,26.0,26.0,2.2,1.4
1121,Abusir,Memphite region,model artefact with handle,"Old Kingdom, Dynasty 5",secondary,A,67.0,,3.0,3.0,2.4,2.0
1122,Abusir,Memphite region,model artefact with handle,"Old Kingdom, Dynasty 5",secondary,D,65.0,,2.3,2.4,2.4,1.7
918,Abusir,Memphite region,model blade,"Old Kingdom, Dynasty 6",secondary,A,,,,,,
919,Abusir,Memphite region,model blade,"Old Kingdom, Dynasty 6",secondary,A,,,,,,
920,Abusir,Memphite region,model blade,"Old Kingdom, Dynasty 6",secondary,A,,,,,,
921,Abusir,Memphite region,model blade,"Old Kingdom, Dynasty 6",secondary,A,,,,,,
922,Abusir,Memphite region,model blade,"Old Kingdom, Dynasty 6",secondary,A,,,,,,
923,Abusir,Memphite region,model blade,"Old Kingdom, Dynasty 6",secondary,A,,,,,,
924,Abusir,Memphite region,model blade,"Old Kingdom, Dynasty 6",secondary,A,,,,,,
925,Abusir,Memphite region,model blade,"Old Kingdom, Dynasty 6",secondary,A,,,,,,
926,Abusir,Memphite region,model blade,"Old Kingdom, Dynasty 6",secondary,A,,,,,,
927,Abusir,Memphite region,model blade,"Old Kingdom, Dynasty 6",secondary,A,,,,,,
928,Abusir,Memphite region,model blade,"Old Kingdom, Dynasty 6",secondary,D,,,,,,
929,Abusir,Memphite region,model blade,"Old Kingdom, Dynasty 6",secondary,D,,,,,,
930,Abusir,Memphite region,model blade,"Old Kingdom, Dynasty 6",secondary,D,,,,,,
932,Abusir,Memphite region,model blade,"Old Kingdom, Dynasty 6",secondary,D,,,,,,
934,Abusir,Memphite region,model blade,"Old Kingdom, Dynasty 6",secondary,D,,,,,,
935,Abusir,Memphite region,model blade,"Old Kingdom, Dynasty 6",secondary,D,,,,,,
937,Abusir,Memphite region,model blade,"Old Kingdom, Dynasty 6",secondary,D,,,,,,
437,Abusir,Memphite region,model blade,"Old Kingdom, Dynasty 6",primary,A,66.0,,7.0,9.0,3.0,
438,Abusir,Memphite region,model blade,"Old Kingdom, Dynasty 6",primary,A,67.0,2.0,7.0,8.0,2.0,
439,Abusir,Memphite region,model blade,"Old Kingdom, Dynasty 6",primary,A,63.0,1.0,6.0,8.0,3.0,
440,Abusir,Memphite region,model blade,"Old Kingdom, Dynasty 6",primary,A,73.0,1.0,8.0,8.0,5.0,
441,Abusir,Memphite region,model blade,"Old Kingdom, Dynasty 6",primary,A,66.0,,,,,
442,Abusir,Memphite region,model blade,"Old Kingdom, Dynasty 6",primary,A,65.0,,5.0,5.0,1.0,
443,Abusir,Memphite region,model blade,"Old Kingdom, Dynasty 6",primary,A,62.0,,7.0,8.0,1.0,
444,Abusir,Memphite region,model blade,"Old Kingdom, Dynasty 6",primary,A,65.0,,7.0,8.0,1.0,
445,Abusir,Memphite region,model artefact with handle,"Old Kingdom, Dynasty 6",primary,A,57.0,,4.0,5.0,3.0,
446,Abusir,Memphite region,model artefact with handle,"Old Kingdom, Dynasty 6",primary,A,55.0,,4.0,5.0,4.0,
447,Abusir,Memphite region,model blade,"Old Kingdom, Dynasty 6",primary,A,71.0,,7.0,8.0,3.0,
448,Abusir,Memphite region,model artefact with handle,"Old Kingdom, Dynasty 6",primary,A,57.0,,4.0,4.0,4.0,
451,Abusir,Memphite region,model blade,"Old Kingdom, Dynasty 6",primary,A,65.0,,7.0,10.0,,
453,Abusir,Memphite region,model blade,"Old Kingdom, Dynasty 6",primary,A,69.0,,4.0,5.0,5.0,
454,Abusir,Memphite region,model blade,"Old Kingdom, Dynasty 6",primary,A,62.0,,5.0,7.0,,
455,Abusir,Memphite region,model blade,"Old Kingdom, Dynasty 6",primary,A,59.0,,7.0,8.0,,
456,Abusir,Memphite region,model blade,"Old Kingdom, Dynasty 6",primary,D,84.0,,,9.0,2.0,
457,Abusir,Memphite region,model blade,"Old Kingdom, Dynasty 6",primary,D,83.0,,,8.0,2.0,
458,Abusir,Memphite region,model blade,"Old Kingdom, Dynasty 6",primary,D,63.0,,,6.0,1.0,
459,Abusir,Memphite region,model blade,"Old Kingdom, Dynasty 6",primary,D,81.0,,,8.0,1.0,
461,Abusir,Memphite region,model blade,"Old Kingdom, Dynasty 6",primary,D,65.0,,,6.0,1.0,
462,Abusir,Memphite region,model blade,"Old Kingdom, Dynasty 6",primary,D,57.0,,,4.0,,
463,Abusir,Memphite region,model blade,"Old Kingdom, Dynasty 6",primary,D,64.0,,,5.0,,
559,Abusir,Memphite region,model artefact with handle,"Old Kingdom, Dynasty 6",primary,A,81.0,1.0,3.0,4.0,3.0,3.4
560,Abusir,Memphite region,model blade,"Old Kingdom, Dynasty 6",primary,A,84.0,1.0,4.0,4.0,3.0,3.4
561,Abusir,Memphite region,model artefact with handle,"Old Kingdom, Dynasty 6",primary,D,81.0,,2.0,9.0,3.0,9.8
563,Abusir,Memphite region,model artefact with handle,"Old Kingdom, Dynasty 6",primary,D,86.0,1.0,2.0,9.0,3.0,8.0
564,Abusir,Memphite region,model artefact with handle,"Old Kingdom, Dynasty 6",primary,D,83.0,1.0,2.0,8.0,3.0,7.2
550,Abusir,Memphite region,model blade,"Old Kingdom, Dynasty 6",secondary,A,65.0,,6.0,9.0,1.0,
551,Abusir,Memphite region,model blade,"Old Kingdom, Dynasty 6",secondary,A,66.0,,8.0,10.0,1.0,
552,Abusir,Memphite region,model artefact with handle,"Old Kingdom, Dynasty 6",secondary,A,56.0,,4.0,5.0,4.0,
553,Abusir,Memphite region,model artefact with handle,"Old Kingdom, Dynasty 6",secondary,A,60.0,,4.0,6.0,3.0,
554,Abusir,Memphite region,model artefact with handle,"Old Kingdom, Dynasty 6",secondary,A,57.0,,3.0,6.0,3.5,
555,Abusir,Memphite region,model artefact with handle,"Old Kingdom, Dynasty 6",secondary,A,55.0,,4.0,5.0,3.0,
556,Abusir,Memphite region,model artefact with handle,"Old Kingdom, Dynasty 6",secondary,A,81.0,,4.0,5.0,4.0,
557,Abusir,Memphite region,model artefact with handle,"Old Kingdom, Dynasty 6",secondary,A,79.0,,4.0,5.0,3.0,
558,Abusir,Memphite region,model blade,"Old Kingdom, Dynasty 6",secondary,D,82.0,,,10.0,1.0,
1005,Abusir,Memphite region,model blade,"Old Kingdom, Dynasty 6",primary probably,A,49.0,,3.0,3.0,1.5,
1006,Abusir,Memphite region,model blade,"Old Kingdom, Dynasty 6",primary probably,A,52.0,,3.0,3.5,1.0,
1007,Abusir,Memphite region,model blade,"Old Kingdom, Dynasty 6",primary probably,A,37.0,,6.0,6.0,1.0,
1011,Abusir,Memphite region,model blade,"Old Kingdom, Dynasty 6",primary probably,D,,,,,,
1012,Abusir,Memphite region,model blade,"Old Kingdom, Dynasty 6",primary probably,D,,,,,,
1016,Abusir,Memphite region,model blade,"Old Kingdom, Dynasty 6",primary probably,D,,,,,,
1017,Abusir,Memphite region,model blade,"Old Kingdom, Dynasty 6",primary probably,A,,,,,,
1023,Abusir,Memphite region,model blade,"Old Kingdom, Dynasty 6",primary probably,A,,,,,,
353,Abusir,Memphite region,model blade,"Old Kingdom, Dynasty 6",secondary,D,94.0,,4.0,8.0,4.0,149.0
355,Abusir,Memphite region,model blade,"Old Kingdom, Dynasty 6",secondary,D,66.0,,2.0,5.0,2.0,18.0
358,Abusir,Memphite region,model blade,"Old Kingdom, Dynasty 6",secondary,A,69.0,,2.0,3.0,2.0,14.0
359,Abusir,Memphite region,model blade,"Old Kingdom, Dynasty 6",secondary,A,64.0,,2.0,3.0,2.0,13.0
228,Abusir,Memphite region,model blade,"Old Kingdom, Dynasty 6",secondary,D,65.0,,1.0,4.0,2.0,19.0
275,Abusir,Memphite region,model blade,"Old Kingdom, Dynasty 6",secondary,D,91.0,1.0,5.0,9.0,5.0,16.0
258,Abusir,Memphite region,model blade,"Old Kingdom, Dynasty 6",secondary,A,71.0,1.0,4.0,4.0,2.0,18.0
259,Abusir,Memphite region,model blade,"Old Kingdom, Dynasty 6",secondary,D,59.0,2.0,3.0,5.0,2.0,18.0
260,Abusir,Memphite region,model blade,"Old Kingdom, Dynasty 6",secondary,D,70.0,1.0,2.0,6.0,3.0,33.0
261,Abusir,Memphite region,model artefact with handle,"Old Kingdom, Dynasty 6",secondary,A,66.0,1.0,6.0,6.0,2.0,19.0
262,Abusir,Memphite region,model blade,"Old Kingdom, Dynasty 6",secondary,D,66.0,1.0,2.0,3.0,2.0,18.0
263,Abusir,Memphite region,model artefact with handle,"Old Kingdom, Dynasty 6",secondary,A,65.0,1.0,5.0,5.0,2.0,19.0
264,Abusir,Memphite region,model blade,"Old Kingdom, Dynasty 6",secondary,A,74.0,1.0,2.0,2.0,2.0,11.0
305,Abusir,Memphite region,model blade,"Old Kingdom, Dynasty 6",secondary,A,95.0,2.0,8.0,8.0,2.0,
306,Abusir,Memphite region,model blade,"Old Kingdom, Dynasty 6",secondary,A,95.0,2.0,8.0,8.0,2.0,
307,Abusir,Memphite region,model blade,"Old Kingdom, Dynasty 6",secondary,A,95.0,2.0,8.0,8.0,2.0,
308,Abusir,Memphite region,model blade,"Old Kingdom, Dynasty 6",secondary,A,95.0,2.0,8.0,8.0,2.0,
309,Abusir,Memphite region,model blade,"Old Kingdom, Dynasty 6",secondary,A,95.0,2.0,8.0,8.0,2.0,
310,Abusir,Memphite region,model blade,"Old Kingdom, Dynasty 6",secondary,A,95.0,2.0,8.0,8.0,2.0,
311,Abusir,Memphite region,model blade,"Old Kingdom, Dynasty 6",secondary,A,95.0,2.0,8.0,8.0,2.0,
312,Abusir,Memphite region,model blade,"Old Kingdom, Dynasty 6",secondary,A,95.0,2.0,8.0,8.0,2.0,
313,Abusir,Memphite region,model blade,"Old Kingdom, Dynasty 6",secondary,A,95.0,2.0,8.0,8.0,2.0,
314,Abusir,Memphite region,model blade,"Old Kingdom, Dynasty 6",secondary,A,95.0,2.0,8.0,8.0,2.0,
315,Abusir,Memphite region,model blade,"Old Kingdom, Dynasty 6",secondary,A,120.0,3.0,6.0,6.0,3.0,
321,Abusir,Memphite region,model blade,"Old Kingdom, Dynasty 6",secondary,A,120.0,3.0,6.0,6.0,3.0,
322,Abusir,Memphite region,model blade,"Old Kingdom, Dynasty 6",secondary,A,120.0,3.0,6.0,6.0,3.0,
323,Abusir,Memphite region,model blade,"Old Kingdom, Dynasty 6",secondary,A,120.0,3.0,6.0,6.0,3.0,
324,Abusir,Memphite region,model blade,"Old Kingdom, Dynasty 6",secondary,A,120.0,3.0,6.0,6.0,3.0,
325,Abusir,Memphite region,model blade,"Old Kingdom, Dynasty 6",secondary,A,120.0,3.0,6.0,6.0,3.0,
326,Abusir,Memphite region,model blade,"Old Kingdom, Dynasty 6",secondary,A,120.0,3.0,6.0,6.0,3.0,
327,Abusir,Memphite region,model blade,"Old Kingdom, Dynasty 6",secondary,A,120.0,3.0,6.0,6.0,3.0,
328,Abusir,Memphite region,model blade,"Old Kingdom, Dynasty 6",secondary,A,120.0,3.0,6.0,6.0,3.0,
329,Abusir,Memphite region,model blade,"Old Kingdom, Dynasty 6",secondary,A,120.0,3.0,6.0,6.0,3.0,
332,Abusir,Memphite region,model blade,"Old Kingdom, Dynasty 6",secondary,A,95.0,2.0,8.0,8.0,3.0,11.6
333,Abusir,Memphite region,model blade,"Old Kingdom, Dynasty 6",secondary,D,110.0,,4.0,7.0,2.0,11.9
334,Abusir,Memphite region,model blade,"Old Kingdom, Dynasty 6",secondary,A,121.0,,5.0,5.0,4.0,
337,Abusir,Memphite region,model blade,"Old Kingdom, Dynasty 6",secondary,A,111.0,,3.0,6.0,2.0,
338,Abusir,Memphite region,model blade,"Old Kingdom, Dynasty 6",secondary,A,111.0,,3.0,6.0,2.0,
340,Abusir,Memphite region,model blade,"Old Kingdom, Dynasty 6",secondary,A,111.0,,3.0,6.0,2.0,
341,Abusir,Memphite region,model blade,"Old Kingdom, Dynasty 6",secondary,D,110.0,,3.0,6.0,2.0,
342,Abusir,Memphite region,model blade,"Old Kingdom, Dynasty 6",secondary,D,111.0,,3.0,6.0,2.0,
343,Abusir,Memphite region,model blade,"Old Kingdom, Dynasty 6",secondary,D,108.0,,3.0,5.0,2.0,
344,Abusir,Memphite region,model blade,"Old Kingdom, Dynasty 6",secondary,D,107.0,,,,,
347,Abusir,Memphite region,model blade,"Old Kingdom, Dynasty 6",secondary,A,,,,,,
348,Abusir,Memphite region,model blade,"Old Kingdom, Dynasty 6",secondary,A,,,,,,
350,Abusir,Memphite region,model blade,"Old Kingdom, Dynasty 6",secondary,D,,,,,,
351,Abusir,Memphite region,model blade,"Old Kingdom, Dynasty 6",secondary,D,,,,,,
352,Abusir,Memphite region,model blade,"Old Kingdom, Dynasty 6",secondary,D,,,,,,
1028,Abydos,Abydos,model blade,"Old Kingdom, Dynasty 5",secondary,A,59.0,,5.5,5.5,1.8,3.3
1029,Abydos,Abydos,model blade,"Old Kingdom, Dynasty 5",secondary,A,59.0,,4.9,5.5,1.8,3.3
1033,Abydos,Abydos,model blade,"Old Kingdom, Dynasty 5",secondary,A,57.5,,5.2,5.5,1.6,2.8
1036,Abydos,Abydos,model blade,"Old Kingdom, Dynasty 5",secondary,D,68.0,,2.2,5.5,2.2,5.6
1037,Abydos,Abydos,model blade,"Old Kingdom, Dynasty 5",secondary,D,64.0,,2.4,5.4,2.2,5.7
1038,Abydos,Abydos,model blade,"Old Kingdom, Dynasty 5",secondary,D,65.5,,2.6,5.3,2.4,5.8
1039,Abydos,Abydos,model blade,"Old Kingdom, Dynasty 5",secondary,D,67.0,,3.0,5.8,2.7,6.8
1040,Abydos,Abydos,model blade,"Old Kingdom, Dynasty 5",secondary,D,65.5,,2.6,5.2,2.4,6.3
1041,Abydos,Abydos,model blade,"Old Kingdom, Dynasty 5",secondary,D,66.5,,2.7,5.0,2.5,6.5
1042,Abydos,Abydos,model blade,"Old Kingdom, Dynasty 5",secondary,D,65.5,,3.2,5.2,2.2,5.6
1043,Abydos,Abydos,model blade,"Old Kingdom, Dynasty 5",secondary,D,66.5,,3.1,5.3,2.7,7.0
1045,Abydos,Abydos,model blade,"Old Kingdom, Dynasty 5",secondary,D,64.5,,3.0,4.6,1.4,2.5
1046,Abydos,Abydos,model blade,"Old Kingdom, Dynasty 5",secondary,D,68.0,,3.2,5.9,2.2,5.9
1047,Abydos,Abydos,model blade,"Old Kingdom, Dynasty 5",secondary,A,70.0,,3.0,3.0,2.2,2.1
1048,Abydos,Abydos,model blade,"Old Kingdom, Dynasty 5",secondary,A,71.5,,3.4,3.4,2.2,1.7
1049,Abydos,Abydos,model blade,"Old Kingdom, Dynasty 5",secondary,A,68.0,,3.0,3.0,2.0,2.1
1050,Abydos,Abydos,model blade,"Old Kingdom, Dynasty 5",secondary,A,72.0,,3.4,3.4,2.0,1.7
1051,Abydos,Abydos,model blade,"Old Kingdom, Dynasty 5",secondary,A,70.0,,3.2,19.0,2.0,2.7
1052,Abydos,Abydos,model blade,"Old Kingdom, Dynasty 5",secondary,A,70.0,,3.2,3.2,2.2,1.9
1054,Abydos,Abydos,model blade,"Old Kingdom, Dynasty 5",secondary,A,69.0,,3.9,3.9,2.2,2.1
1057,Abydos,Abydos,model blade,"Old Kingdom, Dynasty 5",secondary,D,63.5,,1.4,4.4,1.5,2.9
1058,Abydos,Abydos,model blade,"Old Kingdom, Dynasty 5",secondary,D,62.0,,2.0,4.2,1.9,2.8
1059,Abydos,Abydos,model blade,"Old Kingdom, Dynasty 5",secondary,D,59.0,,3.0,4.9,1.9,3.3
1060,Abydos,Abydos,model blade,"Old Kingdom, Dynasty 5",secondary,D,63.5,,2.2,4.4,2.0,3.4
1061,Abydos,Abydos,model blade,"Old Kingdom, Dynasty 5",secondary,D,61.5,,2.7,4.4,2.0,3.1
1062,Abydos,Abydos,model blade,"Old Kingdom, Dynasty 5",secondary,D,57.0,,1.7,4.4,1.9,3.1
1063,Abydos,Abydos,model blade,"Old Kingdom, Dynasty 5",secondary,D,56.0,,2.7,4.2,1.2,1.8
169,Abydos,Abydos,full size artefact blade,Old Kingdom general,temple,A,,,,,,
170,Abydos,Abydos,full size artefact blade,Old Kingdom general,temple,E,,,,,,
171,Abydos,Abydos,full size artefact blade,Old Kingdom general,temple,E,,,,,,
172,Abydos,Abydos,full size artefact blade,Old Kingdom general,temple,E,,,,,,
1077,Abydos,Abydos,model blade,"Old Kingdom, late / First Intermediate period",primary,D,,,,,,
1078,Abydos,Abydos,model blade,"Old Kingdom, late / First Intermediate period",primary,A,,,,,,
1079,Abydos,Abydos,model blade,"Old Kingdom, late / First Intermediate period",primary,A,,,,,,
700,Abydos,Abydos,full size artefact blade,"Old Kingdom, late / First Intermediate period",settlement,E,,,,,,
701,Abydos,Abydos,full size artefact blade,"Old Kingdom, late / First Intermediate period",settlement,E,,,,,,
950,Aniba,Nubia,full size artefact blade,"Old Kingdom, Dynasty 6",primary,D,162.0,,,,,
240,Balat,Dakhla Oasis,model blade,"Old Kingdom, Dynasty 6",primary probably,D,95.0,,,9.0,,
241,Balat,Dakhla Oasis,model blade,"Old Kingdom, Dynasty 6",primary probably,A,68.0,6.0,1.0,7.0,,
104,Balat,Dakhla Oasis,model blade,"Old Kingdom, Dynasty 6",primary,D,230.0,,,33.0,,
105,Balat,Dakhla Oasis,model blade,"Old Kingdom, Dynasty 6",primary,D,125.0,,,25.0,,
106,Balat,Dakhla Oasis,model blade,"Old Kingdom, Dynasty 6",primary,D,125.0,,,25.0,,
108,Balat,Dakhla Oasis,model blade,"Old Kingdom, Dynasty 6",primary,D,156.0,,,20.0,,
109,Balat,Dakhla Oasis,model blade,"Old Kingdom, Dynasty 6",primary,D,144.0,,,18.0,,
242,Balat,Dakhla Oasis,model blade,"Old Kingdom, Dynasty 6",settlement,A,,,,,,
872,Bubastis,Delta,model blade,"Old Kingdom, Dynasty 6",secondary,D,98.0,,,10.0,,
873,Bubastis,Delta,model blade,"Old Kingdom, Dynasty 6",secondary,D,86.0,,,10.0,,
874,Bubastis,Delta,model blade,"Old Kingdom, Dynasty 6",secondary,A,87.5,,5.5,7.0,,
875,Bubastis,Delta,model blade,"Old Kingdom, Dynasty 6",secondary,A,69.0,,10.5,10.5,,
659,Buhen,Nubia,model blade,Old Kingdom general,settlement,D,139.0,,,,,
656,Dara,Between Amarna and Asiut,model blade,"Old Kingdom, Dynasty 6",secondary,D,,,,,,
947,Deshasha,between Fayum and Beni Hasan,full size artefact blade,"Old Kingdom, Dynasty 6",primary,H,,,,,,
948,Deshasha,between Fayum and Beni Hasan,full size artefact blade,"Old Kingdom, Dynasty 6",primary,H,,,,,,
949,Deshasha,between Fayum and Beni Hasan,full size artefact blade,"Old Kingdom, Dynasty 6",primary,A,,,,,,
419,Edfu,between el–Kab and Asuan,model blade,"Old Kingdom, Dynasty 5 late or 6",primary,D,,,,,,
663,Edfu,between el–Kab and Asuan,model blade,"Old Kingdom, Dynasty 6",primary,D,,,,,,
707,el-Kab,between Thebes and el–Kab,model blade,"Old Kingdom, Dynasty 4",secondary,D,,,,,,
708,el-Kab,between Thebes and el–Kab,model blade,"Old Kingdom, Dynasty 4",secondary,A,,,,,,
709,el-Kab,between Thebes and el–Kab,model blade,"Old Kingdom, Dynasty 4",secondary,F,,,,,,
710,el-Kab,between Thebes and el–Kab,model blade,"Old Kingdom, Dynasty 4",secondary,D,,,,,,
711,el-Kab,between Thebes and el–Kab,model blade,"Old Kingdom, Dynasty 4",secondary,A,,,,,,
712,el-Kab,between Thebes and el–Kab,model blade,"Old Kingdom, Dynasty 4",secondary,D,,,,,,
1113,Gebelein,between Thebes and el-Kab,model blade,"Old Kingdom, Dynasty 5 late or 6",unknown,D,66.0,,,6.0,,
1114,Gebelein,between Thebes and el-Kab,model blade,"Old Kingdom, Dynasty 5 late or 6",unknown,D,68.0,,,6.0,,
1115,Gebelein,between Thebes and el-Kab,model blade,"Old Kingdom, Dynasty 5 late or 6",unknown,A,55.0,,,5.0,,
410,Giza,Memphite region,full size artefact with handle,"Old Kingdom, Dynasty 4",primary,C,304.0,,,,,
411,Giza,Memphite region,full size artefact with handle,"Old Kingdom, Dynasty 4",primary,G,190.0,,,,,
412,Giza,Memphite region,full size artefact with handle,"Old Kingdom, Dynasty 4",primary,H,,,,,,
413,Giza,Memphite region,full size artefact with handle,"Old Kingdom, Dynasty 4",primary,G,,,,,,
729,Giza,Memphite region,model blade,"Old Kingdom, Dynasty 4",secondary,C,,,,,,
420,Giza,Memphite region,model blade,"Old Kingdom, Dynasty 4",secondary,D,,,,,,
421,Giza,Memphite region,model blade,"Old Kingdom, Dynasty 4",secondary,D,,,,,,
422,Giza,Memphite region,model blade,"Old Kingdom, Dynasty 4",secondary,D,,,,,,
423,Giza,Memphite region,model blade,"Old Kingdom, Dynasty 4",secondary,C,20.0,,,,,
976,Giza,Memphite region,full size artefact blade,"Old Kingdom, Dynasty 4",settlement,B,54.0,,8.0,8.0,2.0,
1126,Giza,Memphite region,full size artefact blade,"Old Kingdom, Dynasty 4",settlement,A,58.4,1.0,5.1,5.1,4.2,5.3
975,Giza,Memphite region,full size artefact blade,"Old Kingdom, Dynasty 4",settlement,A,58.5,,,,,
188,Giza,Memphite region,full size artefact blade,"Old Kingdom, Dynasty 4",settlement,A,172.0,,10.4,10.4,8.7,70.4
730,Giza,Memphite region,model blade,"Old Kingdom, Dynasty 4",primary,C,,,,,,
402,Giza,Memphite region,model blade,"Old Kingdom, Dynasty 4",primary,A,,,,,,
403,Giza,Memphite region,model blade,"Old Kingdom, Dynasty 4",primary,A,,,,,,
404,Giza,Memphite region,model blade,"Old Kingdom, Dynasty 4",primary,A,,,,,,
406,Giza,Memphite region,model blade,"Old Kingdom, Dynasty 4",primary,A,,,,,,
407,Giza,Memphite region,model blade,"Old Kingdom, Dynasty 4",primary,D,,,,,,
408,Giza,Memphite region,model blade,"Old Kingdom, Dynasty 4",primary,D,,,,,,
409,Giza,Memphite region,model blade,"Old Kingdom, Dynasty 4",primary,A,,,,,,
988,Giza,Memphite region,model blade,"Old Kingdom, Dynasty 4 to 5",secondary,D,,,,,,
989,Giza,Memphite region,model blade,"Old Kingdom, Dynasty 4 to 5",secondary,D,,,,,,
990,Giza,Memphite region,model blade,"Old Kingdom, Dynasty 4 to 5",secondary,D,,,,,,
991,Giza,Memphite region,model blade,"Old Kingdom, Dynasty 4 to 5",secondary,D,,,,,,
992,Giza,Memphite region,model blade,"Old Kingdom, Dynasty 4 to 5",secondary,D,,,,,,
993,Giza,Memphite region,model blade,"Old Kingdom, Dynasty 4 to 5",secondary,D,,,,,,
994,Giza,Memphite region,model blade,"Old Kingdom, Dynasty 4 to 5",secondary,D,,,,,,
995,Giza,Memphite region,model blade,"Old Kingdom, Dynasty 4 to 5",secondary,D,,,,,,
996,Giza,Memphite region,model blade,"Old Kingdom, Dynasty 4 to 5",secondary,A,,,,,,
997,Giza,Memphite region,model blade,"Old Kingdom, Dynasty 4 to 5",secondary,A,,,,,,
998,Giza,Memphite region,model blade,"Old Kingdom, Dynasty 4 to 5",secondary,A,,,,,,
999,Giza,Memphite region,model blade,"Old Kingdom, Dynasty 4 to 5",secondary,A,,,,,,
1000,Giza,Memphite region,model blade,"Old Kingdom, Dynasty 4 to 5",secondary,A,,,,,,
1001,Giza,Memphite region,model blade,"Old Kingdom, Dynasty 4 to 5",secondary,A,,,,,,
1002,Giza,Memphite region,model blade,"Old Kingdom, Dynasty 4 to 5",secondary,A,,,,,,
1003,Giza,Memphite region,model blade,"Old Kingdom, Dynasty 4 to 5",secondary,A,,,,,,
868,Giza,Memphite region,model blade,"Old Kingdom, Dynasty 4 to 5",secondary,A,44.0,,4.2,4.3,1.7,1.7
869,Giza,Memphite region,model blade,"Old Kingdom, Dynasty 4 to 5",secondary,A,43.0,,4.1,4.1,2.2,1.5
870,Giza,Memphite region,model blade,"Old Kingdom, Dynasty 4 to 5",secondary,D,35.5,,2.0,3.7,2.5,1.1
718,Giza,Memphite region,model blade,"Old Kingdom, Dynasty 4 to 5",secondary,A,60.0,,2.6,4.0,2.5,1.7
728,Giza,Memphite region,model blade,"Old Kingdom, Dynasty 4",secondary,C,,,,,,
732,Giza,Memphite region,model blade,"Old Kingdom, Dynasty 4",secondary,D,,,,,,
733,Giza,Memphite region,model blade,"Old Kingdom, Dynasty 4",secondary,F,,,,,,
734,Giza,Memphite region,model blade,"Old Kingdom, Dynasty 4",secondary,D,,,,,,
735,Giza,Memphite region,model blade,"Old Kingdom, Dynasty 4",secondary,D,,,,,,
736,Giza,Memphite region,model blade,"Old Kingdom, Dynasty 4",secondary,E,,,,,,
737,Giza,Memphite region,model blade,"Old Kingdom, Dynasty 4",secondary,A,,,,,,
424,Giza,Memphite region,model blade,"Old Kingdom, Dynasty 5",secondary,C,,,,,,
425,Giza,Memphite region,model blade,"Old Kingdom, Dynasty 5",secondary,A,,,,,,
426,Giza,Memphite region,model blade,"Old Kingdom, Dynasty 5",secondary,A,,,,,,
427,Giza,Memphite region,model blade,"Old Kingdom, Dynasty 5",secondary,A,,,,,,
724,Giza,Memphite region,model blade,"Old Kingdom, Dynasty 5",secondary,G,87.0,7.1,4.3,5.0,,7.1
726,Giza,Memphite region,model blade,"Old Kingdom, Dynasty 5",secondary,A,64.0,,6.5,7.5,2.3,4.7
773,Giza,Memphite region,model blade,"Old Kingdom, Dynasty 5",secondary,A,53.0,,2.0,2.5,2.3,0.8
774,Giza,Memphite region,model blade,"Old Kingdom, Dynasty 5",secondary,A,58.0,,4.3,5.7,4.1,3.3
784,Giza,Memphite region,model blade,"Old Kingdom, Dynasty 5",secondary,A,49.3,,2.1,3.0,2.5,1.2
474,Giza,Memphite region,model blade,"Old Kingdom, Dynasty 5",primary,A,,,,,,
475,Giza,Memphite region,model blade,"Old Kingdom, Dynasty 5",primary,A,,,,,,
476,Giza,Memphite region,model blade,"Old Kingdom, Dynasty 5",primary,A,,,,,,
477,Giza,Memphite region,model blade,"Old Kingdom, Dynasty 5",primary,A,,,,,,
478,Giza,Memphite region,model blade,"Old Kingdom, Dynasty 5",primary,A,,,,,,
479,Giza,Memphite region,model blade,"Old Kingdom, Dynasty 5",primary,A,,,,,,
480,Giza,Memphite region,model blade,"Old Kingdom, Dynasty 5",primary,A,,,,,,
481,Giza,Memphite region,model blade,"Old Kingdom, Dynasty 5",primary,A,,,,,,
482,Giza,Memphite region,model blade,"Old Kingdom, Dynasty 5",primary,A,,,,,,
483,Giza,Memphite region,model blade,"Old Kingdom, Dynasty 5",primary,A,,,,,,
484,Giza,Memphite region,model blade,"Old Kingdom, Dynasty 5",primary,A,,,,,,
485,Giza,Memphite region,model blade,"Old Kingdom, Dynasty 5",primary,A,,,,,,
486,Giza,Memphite region,model blade,"Old Kingdom, Dynasty 5",primary,D,,,,,,
487,Giza,Memphite region,model blade,"Old Kingdom, Dynasty 5",primary,D,,,,,,
488,Giza,Memphite region,model blade,"Old Kingdom, Dynasty 5",primary,D,,,,,,
489,Giza,Memphite region,model blade,"Old Kingdom, Dynasty 5",primary,D,,,,,,
490,Giza,Memphite region,model blade,"Old Kingdom, Dynasty 5",primary,D,,,,,,
491,Giza,Memphite region,model blade,"Old Kingdom, Dynasty 5",primary,D,,,,,,
492,Giza,Memphite region,model blade,"Old Kingdom, Dynasty 5",primary,D,,,,,,
577,Giza,Memphite region,model blade,"Old Kingdom, Dynasty 5",secondary,A,70.0,,7.1,7.1,4.4,6.6
578,Giza,Memphite region,model blade,"Old Kingdom, Dynasty 5",secondary,D,107.0,,2.4,6.5,4.2,8.4
713,Giza,Memphite region,model blade,"Old Kingdom, Dynasty 5",secondary,A,96.0,,3.7,5.2,4.7,6.1
714,Giza,Memphite region,model blade,"Old Kingdom, Dynasty 5",secondary,A,92.0,,,5.5,5.4,5.6
715,Giza,Memphite region,model blade,"Old Kingdom, Dynasty 5",secondary,D,76.0,,3.1,7.2,4.4,5.5
785,Giza,Memphite region,model blade,"Old Kingdom, Dynasty 5",secondary,A,53.0,,5.3,5.3,3.0,3.5
786,Giza,Memphite region,model blade,"Old Kingdom, Dynasty 5",secondary,A,48.0,,6.1,6.5,3.1,3.4
787,Giza,Memphite region,model blade,"Old Kingdom, Dynasty 5",secondary,A,48.7,,6.0,6.3,3.1,3.6
788,Giza,Memphite region,model blade,"Old Kingdom, Dynasty 5",secondary,A,53.7,,5.3,6.1,2.6,4.0
789,Giza,Memphite region,model blade,"Old Kingdom, Dynasty 5",secondary,A,53.0,,5.4,6.7,3.0,3.9
790,Giza,Memphite region,model blade,"Old Kingdom, Dynasty 5",secondary,A,69.0,,2.5,4.0,3.6,3.1
770,Giza,Memphite region,model blade,"Old Kingdom, Dynasty 5",secondary,D,57.5,2.1,2.2,4.7,3.7,3.1
771,Giza,Memphite region,model blade,"Old Kingdom, Dynasty 5",secondary,A,53.3,2.8,3.2,5.4,5.2,3.0
772,Giza,Memphite region,model blade,"Old Kingdom, Dynasty 5",secondary,A,51.3,2.1,2.6,4.3,3.4,2.6
2,Giza,Memphite region,model blade,"Old Kingdom, Dynasty 5",primary,D,75.0,,,5.0,3.7,2.7
3,Giza,Memphite region,model artefact with handle,"Old Kingdom, Dynasty 5",primary,D,76.0,,,6.0,4.0,2.8
4,Giza,Memphite region,model artefact with handle,"Old Kingdom, Dynasty 5",primary,D,55.0,,,5.0,3.3,1.8
5,Giza,Memphite region,model blade,"Old Kingdom, Dynasty 5",primary,A,72.0,,,3.0,2.7,1.7
51,Giza,Memphite region,model blade,"Old Kingdom, Dynasty 5",primary,A,49.0,16.0,44.0,44.0,22.0,21.0
523,Giza,Memphite region,model blade,"Old Kingdom, Dynasty 5",primary,A,,,,,,
524,Giza,Memphite region,model blade,"Old Kingdom, Dynasty 5",primary,A,,,,,,
525,Giza,Memphite region,model blade,"Old Kingdom, Dynasty 5",primary,A,,,,,,
526,Giza,Memphite region,model blade,"Old Kingdom, Dynasty 5",primary,A,,,,,,
527,Giza,Memphite region,model blade,"Old Kingdom, Dynasty 5",primary,A,,,,,,
528,Giza,Memphite region,model blade,"Old Kingdom, Dynasty 5",primary,A,,,,,,
529,Giza,Memphite region,model blade,"Old Kingdom, Dynasty 5",primary,A,,,,,,
530,Giza,Memphite region,model blade,"Old Kingdom, Dynasty 5",primary,A,,,,,,
531,Giza,Memphite region,model blade,"Old Kingdom, Dynasty 5",primary,A,,,,,,
532,Giza,Memphite region,model blade,"Old Kingdom, Dynasty 5",primary,A,,,,,,
535,Giza,Memphite region,model blade,"Old Kingdom, Dynasty 5",primary,A,,,,,,
536,Giza,Memphite region,model blade,"Old Kingdom, Dynasty 5",primary,A,,,,,,
537,Giza,Memphite region,model blade,"Old Kingdom, Dynasty 5",primary,A,,,,,,
538,Giza,Memphite region,model blade,"Old Kingdom, Dynasty 5",primary,A,,,,,,
539,Giza,Memphite region,model blade,"Old Kingdom, Dynasty 5",primary,A,,,,,,
540,Giza,Memphite region,model blade,"Old Kingdom, Dynasty 5",primary,A,,,,,,
541,Giza,Memphite region,model blade,"Old Kingdom, Dynasty 5",primary,A,,,,,,
544,Giza,Memphite region,model blade,"Old Kingdom, Dynasty 5",primary,D,,,,,,
545,Giza,Memphite region,model blade,"Old Kingdom, Dynasty 5",primary,D,,,,,,
547,Giza,Memphite region,model blade,"Old Kingdom, Dynasty 5",primary,D,,,,,,
548,Giza,Memphite region,model blade,"Old Kingdom, Dynasty 5",primary,D,,,,,,
549,Giza,Memphite region,model blade,"Old Kingdom, Dynasty 5",primary,D,,,,,,
867,Giza,Memphite region,model blade,"Old Kingdom, Dynasty 5",secondary,D,87.0,,,6.2,1.5,4.6
40,Giza,Memphite region,model blade,"Old Kingdom, Dynasty 5",secondary,A,58.0,11.0,44.0,51.0,27.0,22.0
41,Giza,Memphite region,model blade,"Old Kingdom, Dynasty 5",secondary,D,61.0,,,,,27.0
1067,Giza,Memphite region,model blade,"Old Kingdom, Dynasty 5",secondary,D,78.0,6.0,3.0,6.0,,5.3
1068,Giza,Memphite region,model blade,"Old Kingdom, Dynasty 5",secondary,D,66.0,,1.5,4.0,3.0,2.1
1075,Giza,Memphite region,model blade,"Old Kingdom, Dynasty 5",secondary,D,107.0,,4.0,10.3,5.3,17.0
1076,Giza,Memphite region,model blade,"Old Kingdom, Dynasty 5",secondary,A,79.0,1.4,4.6,5.5,5.2,6.8
428,Giza,Memphite region,model blade,"Old Kingdom, Dynasty 5",secondary,A,90.0,,,9.0,,
429,Giza,Memphite region,model blade,"Old Kingdom, Dynasty 5",secondary,D,83.0,,,9.0,,
464,Giza,Memphite region,model blade,"Old Kingdom, Dynasty 5",secondary,A,,,,,,
465,Giza,Memphite region,model blade,"Old Kingdom, Dynasty 5",secondary,A,,,,,,
466,Giza,Memphite region,model blade,"Old Kingdom, Dynasty 5",secondary,A,,,,,,
467,Giza,Memphite region,model blade,"Old Kingdom, Dynasty 5",secondary,A,,,,,,
468,Giza,Memphite region,model blade,"Old Kingdom, Dynasty 5",secondary,A,,,,,,
469,Giza,Memphite region,model blade,"Old Kingdom, Dynasty 5",secondary,D,,,,,,
470,Giza,Memphite region,model blade,"Old Kingdom, Dynasty 5",secondary,D,,,,,,
471,Giza,Memphite region,model blade,"Old Kingdom, Dynasty 5",secondary,D,,,,,,
473,Giza,Memphite region,model blade,"Old Kingdom, Dynasty 5",secondary,D,,,,,,
9,Giza,Memphite region,model artefact with handle,"Old Kingdom, Dynasty 5",secondary,A,56.0,,,3.7,3.0,
46,Giza,Memphite region,model blade,"Old Kingdom, Dynasty 5",secondary,A,56.5,26.0,33.0,33.0,26.0,17.0
731,Giza,Memphite region,model blade,"Old Kingdom, Dynasty 5",secondary,D,,,,,,
980,Giza,Memphite region,model blade,"Old Kingdom, Dynasty 5",secondary,D,,,,,,
981,Giza,Memphite region,model blade,"Old Kingdom, Dynasty 5",secondary,D,,,,,,
982,Giza,Memphite region,model blade,"Old Kingdom, Dynasty 5",secondary,D,,,,,,
983,Giza,Memphite region,model blade,"Old Kingdom, Dynasty 5",secondary,D,,,,,,
984,Giza,Memphite region,model blade,"Old Kingdom, Dynasty 5",secondary,A,,,,,,
985,Giza,Memphite region,model blade,"Old Kingdom, Dynasty 5",secondary,A,,,,,,
986,Giza,Memphite region,model blade,"Old Kingdom, Dynasty 5",secondary,A,,,,,,
987,Giza,Memphite region,model blade,"Old Kingdom, Dynasty 5",secondary,A,,,,,,
863,Giza,Memphite region,model blade,"Old Kingdom, Dynasty 5",secondary,A,56.0,,3.7,4.2,3.0,2.8
859,Giza,Memphite region,model blade,"Old Kingdom, Dynasty 5 and 6",secondary,D,69.0,,4.0,7.5,3.7,7.6
866,Giza,Memphite region,model blade,"Old Kingdom, Dynasty 5 and 6",secondary,D,61.0,,4.3,9.4,6.0,9.2
1069,Giza,Memphite region,model blade,"Old Kingdom, Dynasty 5 and 6",secondary,G,148.0,,1.0,7.0,2.0,15.9
78,Giza,Memphite region,model blade,"Old Kingdom, Dynasty 5 to 6",secondary,D,91.0,1.0,35.0,35.0,3.0,41.0
79,Giza,Memphite region,model blade,"Old Kingdom, Dynasty 5 to 6",secondary,A,81.0,1.0,3.0,4.0,3.0,25.0
80,Giza,Memphite region,model blade,"Old Kingdom, Dynasty 5 to 6",secondary,A,81.0,4.0,1.0,4.0,4.0,29.0
81,Giza,Memphite region,model blade,"Old Kingdom, Dynasty 5 to 6",secondary,A,80.0,3.0,5.0,5.0,3.0,23.0
82,Giza,Memphite region,model blade,"Old Kingdom, Dynasty 5 to 6",secondary,A,85.0,32.0,1.0,3.0,32.0,27.0
83,Giza,Memphite region,model artefact with handle,"Old Kingdom, Dynasty 5 to 6",secondary,A,84.0,5.0,31.0,31.0,5.0,29.0
84,Giza,Memphite region,model blade,"Old Kingdom, Dynasty 5 to 6",secondary,A,82.0,5.0,3.0,3.0,5.0,17.0
88,Giza,Memphite region,model blade,"Old Kingdom, Dynasty 5 to 6",secondary,D,78.0,1.0,15.0,15.0,18.0,3.0
90,Giza,Memphite region,model blade,"Old Kingdom, Dynasty 5 to 6",secondary,D,75.0,16.0,2.0,5.0,16.0,27.0
91,Giza,Memphite region,model blade,"Old Kingdom, Dynasty 5 to 6",secondary,D,75.0,15.0,2.0,4.2,17.0,31.0
92,Giza,Memphite region,model blade,"Old Kingdom, Dynasty 5 to 6",secondary,D,76.0,8.0,1.0,35.0,15.0,19.0
93,Giza,Memphite region,model blade,"Old Kingdom, Dynasty 5 to 6",secondary,D,76.0,14.0,2.0,44.0,25.0,29.0
94,Giza,Memphite region,model blade,"Old Kingdom, Dynasty 5 to 6",secondary,D,73.0,14.0,2.0,44.0,25.0,29.0
95,Giza,Memphite region,model blade,"Old Kingdom, Dynasty 5 to 6",secondary,D,72.0,1.0,2.0,4.0,15.0,27.0
97,Giza,Memphite region,model blade,"Old Kingdom, Dynasty 5 to 6",secondary,D,88.0,1.0,2.0,4.0,3.0,4.0
98,Giza,Memphite region,model blade,"Old Kingdom, Dynasty 5 to 6",secondary,D,89.0,1.0,22.0,22.0,3.0,39.0
54,Giza,Memphite region,model blade,"Old Kingdom, Dynasty 5 to 6",secondary,A,65.0,14.0,5.0,5.5,23.0,21.0
1,Giza,Memphite region,model artefact with handle,"Old Kingdom, Dynasty 5 to 6",primary,D,58.0,,3.0,5.0,3.0,2.3
57,Giza,Memphite region,model artefact with handle,"Old Kingdom, Dynasty 5 to 6",primary,A,51.0,14.0,3.0,4.0,14.0,16.0
58,Giza,Memphite region,model artefact with handle,"Old Kingdom, Dynasty 5 to 6",primary,D,62.0,2.0,4.0,6.0,35.0,28.0
43,Giza,Memphite region,model blade,"Old Kingdom, Dynasty 5 to 6",secondary,D,65.0,,22.0,34.0,27.0,22.0
493,Giza,Memphite region,model blade,"Old Kingdom, Dynasty 6",primary,A,,,,,,
494,Giza,Memphite region,model blade,"Old Kingdom, Dynasty 6",primary,A,,,,,,
495,Giza,Memphite region,model blade,"Old Kingdom, Dynasty 6",primary,A,,,,,,
496,Giza,Memphite region,model blade,"Old Kingdom, Dynasty 6",primary,A,,,,,,
497,Giza,Memphite region,model blade,"Old Kingdom, Dynasty 6",primary,A,,,,,,
498,Giza,Memphite region,model blade,"Old Kingdom, Dynasty 6",primary,A,,,,,,
499,Giza,Memphite region,model blade,"Old Kingdom, Dynasty 6",primary,A,,,,,,
500,Giza,Memphite region,model blade,"Old Kingdom, Dynasty 6",primary,A,,,,,,
502,Giza,Memphite region,model blade,"Old Kingdom, Dynasty 6",primary,A,,,,,,
503,Giza,Memphite region,model blade,"Old Kingdom, Dynasty 6",primary,D,,,,,,
504,Giza,Memphite region,model blade,"Old Kingdom, Dynasty 6",primary,D,,,,,,
505,Giza,Memphite region,model blade,"Old Kingdom, Dynasty 6",primary,D,,,,,,
506,Giza,Memphite region,model blade,"Old Kingdom, Dynasty 6",primary,D,,,,,,
507,Giza,Memphite region,model blade,"Old Kingdom, Dynasty 6",primary,D,,,,,,
508,Giza,Memphite region,model blade,"Old Kingdom, Dynasty 6",primary,D,,,,,,
509,Giza,Memphite region,model blade,"Old Kingdom, Dynasty 6",primary,D,,,,,,
510,Giza,Memphite region,model blade,"Old Kingdom, Dynasty 6",primary,D,,,,,,
511,Giza,Memphite region,model blade,"Old Kingdom, Dynasty 6",primary,D,,,,,,
513,Giza,Memphite region,model blade,"Old Kingdom, Dynasty 6",primary,D,,,,,,
514,Giza,Memphite region,model blade,"Old Kingdom, Dynasty 6",primary,D,,,,,,
515,Giza,Memphite region,model blade,"Old Kingdom, Dynasty 6",primary,D,,,,,,
516,Giza,Memphite region,model blade,"Old Kingdom, Dynasty 6",primary,D,,,,,,
517,Giza,Memphite region,model blade,"Old Kingdom, Dynasty 6",primary,D,,,,,,
518,Giza,Memphite region,model blade,"Old Kingdom, Dynasty 6",primary,D,,,,,,
519,Giza,Memphite region,model blade,"Old Kingdom, Dynasty 6",primary,D,,,,,,
520,Giza,Memphite region,model blade,"Old Kingdom, Dynasty 6",primary,D,,,,,,
521,Giza,Memphite region,model blade,"Old Kingdom, Dynasty 6",primary,D,,,,,,
522,Giza,Memphite region,model blade,"Old Kingdom, Dynasty 6",primary,D,,,,,,
191,Giza,Memphite region,model artefact with handle,"Old Kingdom, Dynasty 6",secondary,A,77.0,,,9.2,1.7,5.4
192,Giza,Memphite region,model artefact with handle,"Old Kingdom, Dynasty 6",secondary,A,76.0,,11.4,11.4,2.2,5.7
568,Giza,Memphite region,model blade,"Old Kingdom, Dynasty 6",primary,A,73.0,,2.6,3.1,2.3,1.8
569,Giza,Memphite region,model blade,"Old Kingdom, Dynasty 6",primary,A,75.0,,2.2,2.5,2.4,1.9
570,Giza,Memphite region,model blade,"Old Kingdom, Dynasty 6",primary,A,89.0,,3.3,3.4,2.7,2.7
573,Giza,Memphite region,model blade,"Old Kingdom, Dynasty 6",primary,A,89.0,,3.2,3.2,3.0,3.0
574,Giza,Memphite region,model blade,"Old Kingdom, Dynasty 6",primary,A,41.5,,2.7,2.7,1.6,1.1
810,Giza,Memphite region,model blade,"Old Kingdom, Dynasty 6",primary,D,91.0,,0.7,6.0,2.0,4.4
814,Giza,Memphite region,model blade,"Old Kingdom, Dynasty 6",primary,D,89.5,,1.0,6.6,1.7,2.8
818,Giza,Memphite region,model blade,"Old Kingdom, Dynasty 6",primary,A,87.0,,2.4,3.5,3.0,2.4
819,Giza,Memphite region,model blade,"Old Kingdom, Dynasty 6",primary,A,89.0,,3.0,3.3,3.2,2.9
820,Giza,Memphite region,model blade,"Old Kingdom, Dynasty 6",primary,A,88.4,,2.6,4.6,4.1,3.4
821,Giza,Memphite region,model blade,"Old Kingdom, Dynasty 6",primary,A,118.0,,4.6,7.0,6.5,10.6
806,Giza,Memphite region,model blade,"Old Kingdom, Dynasty 6",secondary,A,85.4,,2.7,5.6,5.2,5.6
807,Giza,Memphite region,model blade,"Old Kingdom, Dynasty 6",secondary,A,121.1,,6.0,6.0,5.5,12.2
815,Giza,Memphite region,model blade,"Old Kingdom, Dynasty 6",secondary,A,122.0,,6.0,6.2,6.0,12.3
823,Giza,Memphite region,model blade,"Old Kingdom, Dynasty 6",secondary,A,123.0,2.2,15.4,15.4,4.5,29.0
1025,Giza,Memphite region,model blade,"Old Kingdom, Dynasty 6",secondary,D,130.0,,5.5,15.0,,
795,Giza,Memphite region,model blade,"Old Kingdom, Dynasty 6",secondary,D,41.5,1.5,1.6,4.5,3.3,1.8
796,Giza,Memphite region,model blade,"Old Kingdom, Dynasty 6",secondary,D,41.5,1.3,2.0,4.0,3.3,1.6
798,Giza,Memphite region,model blade,"Old Kingdom, Dynasty 6",secondary,D,39.7,1.3,1.5,4.4,3.0,1.7
799,Giza,Memphite region,model blade,"Old Kingdom, Dynasty 6",secondary,D,38.0,2.1,2.5,4.2,3.0,1.7
800,Giza,Memphite region,model blade,"Old Kingdom, Dynasty 6",secondary,D,41.4,2.2,2.6,4.6,3.7,1.8
801,Giza,Memphite region,model blade,"Old Kingdom, Dynasty 6",secondary,D,38.0,1.3,1.4,3.8,3.7,1.5
802,Giza,Memphite region,model blade,"Old Kingdom, Dynasty 6",secondary,D,42.2,1.7,2.0,4.1,3.2,1.7
803,Giza,Memphite region,model blade,"Old Kingdom, Dynasty 6",secondary,D,39.1,1.7,2.0,4.0,3.2,1.9
804,Giza,Memphite region,model blade,"Old Kingdom, Dynasty 6",secondary,D,39.0,,,4.5,4.2,2.3
59,Giza,Memphite region,model blade,"Old Kingdom, Dynasty 6",secondary,D,66.0,4.0,2.0,64.0,33.0,49.0
61,Giza,Memphite region,model blade,"Old Kingdom, Dynasty 6",secondary,A,53.0,5.0,2.0,6.0,5.0,19.0
62,Giza,Memphite region,model blade,"Old Kingdom, Dynasty 6",secondary,D,48.0,1.0,2.0,3.0,14.0,6.0
63,Giza,Memphite region,model blade,"Old Kingdom, Dynasty 6",secondary,D,59.0,3.0,3.0,6.2,4.0,44.0
67,Giza,Memphite region,model blade,"Old Kingdom, Dynasty 6",secondary,D,56.0,1.0,2.0,3.0,2.0,14.0
18,Giza,Memphite region,model artefact with handle,"Old Kingdom, Dynasty 6",primary,A,72.0,1.0,3.0,5.0,4.0,41.0
19,Giza,Memphite region,model artefact with handle,"Old Kingdom, Dynasty 6",primary,A,56.0,2.0,4.0,4.0,3.0,37.0
20,Giza,Memphite region,model artefact with handle,"Old Kingdom, Dynasty 6",primary,A,42.0,,,6.0,4.0,43.0
21,Giza,Memphite region,model artefact with handle,"Old Kingdom, Dynasty 6",primary,D,46.0,2.0,3.0,6.0,5.0,3.0
22,Giza,Memphite region,model artefact with handle,"Old Kingdom, Dynasty 6",primary,D,47.0,2.0,4.0,6.0,5.0,33.0
23,Giza,Memphite region,model artefact with handle,"Old Kingdom, Dynasty 6",primary,A,50.5,1.0,3.0,7.0,5.0,35.0
24,Giza,Memphite region,model blade,"Old Kingdom, Dynasty 6",primary,A,65.0,5.0,55.0,55.0,5.0,4.8
25,Giza,Memphite region,model blade,"Old Kingdom, Dynasty 6",primary,D,68.0,2.0,3.0,7.0,5.0,6.0
42,Giza,Memphite region,model artefact with handle,"Old Kingdom, Dynasty 6",secondary,A,51.0,12.0,3.0,41.0,35.0,18.0
44,Giza,Memphite region,model artefact with handle,"Old Kingdom, Dynasty 6",secondary,D,47.0,,16.0,52.0,2.0,12.0
45,Giza,Memphite region,model blade,"Old Kingdom, Dynasty 6",secondary,D,48.0,,22.0,53.0,13.0,12.0
48,Giza,Memphite region,model blade,"Old Kingdom, Dynasty 6",secondary,A,42.0,6.0,12.0,12.0,6.0,15.0
49,Giza,Memphite region,model artefact with handle,"Old Kingdom, Dynasty 6",secondary,A,51.0,1.0,35.0,42.0,3.0,2.0
99,Giza,Memphite region,model blade,"Old Kingdom, Dynasty 6",secondary,A,46.0,1.0,7.0,7.0,25.0,23.0
100,Giza,Memphite region,model blade,"Old Kingdom, Dynasty 6",secondary,A,49.0,1.0,3.0,8.0,3.0,45.0
101,Giza,Memphite region,model artefact with handle,"Old Kingdom, Dynasty 6",secondary,A,51.0,2.0,6.0,6.0,3.0,44.0
102,Giza,Memphite region,model blade,"Old Kingdom, Dynasty 6",secondary,A,49.0,15.0,8.0,8.0,15.0,39.0
824,Giza,Memphite region,model blade,Old Kingdom general,unknown,A,59.0,0.5,6.0,6.0,3.0,6.0
825,Giza,Memphite region,model blade,Old Kingdom general,unknown,A,62.0,1.0,8.0,8.0,6.0,8.6
826,Giza,Memphite region,model blade,Old Kingdom general,unknown,A,62.0,1.0,9.0,9.0,3.0,6.8
827,Giza,Memphite region,model blade,Old Kingdom general,unknown,A,62.0,1.0,7.5,9.0,4.0,7.7
829,Giza,Memphite region,model blade,Old Kingdom general,unknown,D,68.0,2.0,3.0,9.0,5.0,7.9
830,Giza,Memphite region,model blade,Old Kingdom general,unknown,D,56.0,4.0,4.0,4.5,4.0,4.1
831,Giza,Memphite region,model blade,Old Kingdom general,unknown,A,66.0,2.0,2.0,4.0,3.0,3.9
833,Giza,Memphite region,model blade,Old Kingdom general,unknown,D,66.0,2.0,4.0,6.0,7.0,22.3
851,Giza,Memphite region,model blade,Old Kingdom general,unknown,A,50.0,,6.5,6.7,2.4,2.7
854,Giza,Memphite region,model blade,Old Kingdom general,unknown,A,35.0,,,6.0,2.3,2.0
907,Giza,Memphite region,model blade,"Old Kingdom, Dynasty 5 and 6",unknown,D,63.0,,2.5,6.4,2.2,3.4
908,Giza,Memphite region,model blade,"Old Kingdom, Dynasty 5 and 6",unknown,D,66.0,,2.5,5.4,2.2,4.5
909,Giza,Memphite region,model blade,"Old Kingdom, Dynasty 5 and 6",unknown,D,63.0,,2.0,6.0,2.0,3.4
910,Giza,Memphite region,model blade,"Old Kingdom, Dynasty 5 and 6",unknown,D,62.0,,2.0,6.0,2.4,3.1
911,Giza,Memphite region,model blade,"Old Kingdom, Dynasty 5 and 6",unknown,D,49.5,,2.7,5.0,3.0,2.2
912,Giza,Memphite region,model blade,"Old Kingdom, Dynasty 5 and 6",unknown,A,45.0,,4.6,4.6,2.2,1.7
914,Giza,Memphite region,model blade,"Old Kingdom, Dynasty 5 and 6",unknown,A,70.0,,4.2,4.2,3.8,3.7
915,Giza,Memphite region,model blade,"Old Kingdom, Dynasty 5 and 6",unknown,A,66.0,,3.3,3.5,2.5,1.9
916,Giza,Memphite region,model blade,"Old Kingdom, Dynasty 5 and 6",unknown,A,64.0,,4.3,4.3,4.2,3.1
202,Kau,between Asiut and Abydos,full size artefact blade,"Old Kingdom, Dynasty 6",primary,G,156.0,,,77.0,,363.0
222,Meidum,Memphite region,model blade,"Old Kingdom, Dynasty 4",secondary,A,,,,,,
223,Meidum,Memphite region,model blade,"Old Kingdom, Dynasty 4",secondary,D,,,,,,
224,Meidum,Memphite region,model blade,"Old Kingdom, Dynasty 4",secondary,D,,,,,,
226,Meidum,Memphite region,model blade,"Old Kingdom, Dynasty 4",secondary,A,,,,,,
208,Meidum,Memphite region,model blade,"Old Kingdom, Dynasty 4",tertiary,E,,,,,,
565,Meidum,Memphite region,model blade,Old Kingdom general,unknown,A,41.0,,55.0,55.0,34.0,3.5
1087,Meir,Between Amarna and Asiut,model blade,"Old Kingdom, Dynasty 6",secondary,undeterminable,82.0,,,,,
1088,Meir,Between Amarna and Asiut,model blade,"Old Kingdom, Dynasty 6",secondary,undeterminable,82.0,,,,,
1089,Meir,Between Amarna and Asiut,model blade,"Old Kingdom, Dynasty 6",secondary,undeterminable,82.0,,,,,
1090,Meir,Between Amarna and Asiut,model blade,"Old Kingdom, Dynasty 6",secondary,undeterminable,82.0,,,,,
1091,Meir,Between Amarna and Asiut,model blade,"Old Kingdom, Dynasty 6",secondary,undeterminable,82.0,,,,,
1092,Meir,Between Amarna and Asiut,model blade,"Old Kingdom, Dynasty 6",secondary,undeterminable,82.0,,,,,
1093,Meir,Between Amarna and Asiut,model blade,"Old Kingdom, Dynasty 6",secondary,undeterminable,82.0,,,,,
1094,Meir,Between Amarna and Asiut,model blade,"Old Kingdom, Dynasty 6",secondary,undeterminable,90.0,,,,,
1095,Meir,Between Amarna and Asiut,model blade,"Old Kingdom, Dynasty 6",secondary,undeterminable,90.0,,,,,
1096,Meir,Between Amarna and Asiut,model blade,"Old Kingdom, Dynasty 6",secondary,undeterminable,90.0,,,,,
1097,Meir,Between Amarna and Asiut,model blade,"Old Kingdom, Dynasty 6",secondary,undeterminable,90.0,,,,,
1098,Meir,Between Amarna and Asiut,model blade,"Old Kingdom, Dynasty 6",secondary,undeterminable,90.0,,,,,
1099,Meir,Between Amarna and Asiut,model blade,"Old Kingdom, Dynasty 6",secondary,undeterminable,90.0,,,,,
1100,Meir,Between Amarna and Asiut,model blade,"Old Kingdom, Dynasty 6",secondary,undeterminable,90.0,,,,,
168,Mostagedda,between Asiut and Abydos,model blade,"Old Kingdom, Dynasty 6",secondary,A,,,,,,
888,Saqqara,Memphite region,model blade,"Old Kingdom, Dynasty 5",primary,D,,,,,,
889,Saqqara,Memphite region,model blade,"Old Kingdom, Dynasty 5",primary,D,,,,,,
890,Saqqara,Memphite region,model blade,"Old Kingdom, Dynasty 5",primary,D,,,,,,
891,Saqqara,Memphite region,model blade,"Old Kingdom, Dynasty 5",primary,D,,,,,,
892,Saqqara,Memphite region,model blade,"Old Kingdom, Dynasty 5",primary,D,,,,,,
893,Saqqara,Memphite region,model blade,"Old Kingdom, Dynasty 5",primary,D,,,,,,
894,Saqqara,Memphite region,model blade,"Old Kingdom, Dynasty 5",primary,D,,,,,,
895,Saqqara,Memphite region,model blade,"Old Kingdom, Dynasty 5",primary,D,,,,,,
896,Saqqara,Memphite region,model blade,"Old Kingdom, Dynasty 5",primary,D,,,,,,
897,Saqqara,Memphite region,model blade,"Old Kingdom, Dynasty 5",primary,D,,,,,,
900,Saqqara,Memphite region,model blade,"Old Kingdom, Dynasty 5",primary,A,,,,,,
762,Saqqara,Memphite region,model blade,"Old Kingdom, Dynasty 5",primary,A,,,,,,
763,Saqqara,Memphite region,model blade,"Old Kingdom, Dynasty 5",primary,A,,,,,,
764,Saqqara,Memphite region,model blade,"Old Kingdom, Dynasty 5",primary,A,,,,,,
433,Saqqara,Memphite region,gilded model blade,"Old Kingdom, Dynasty 6",secondary,A,,,,,,
434,Saqqara,Memphite region,gilded model blade,"Old Kingdom, Dynasty 6",secondary,D,,,,,,
435,Saqqara,Memphite region,gilded model blade,"Old Kingdom, Dynasty 6",secondary,D,,,,,,
436,Saqqara,Memphite region,gilded model blade,"Old Kingdom, Dynasty 6",secondary,A,,,,,,
741,Saqqara,Memphite region,model blade,"Old Kingdom, Dynasty 6",secondary,A,,,,,,
742,Saqqara,Memphite region,model blade,"Old Kingdom, Dynasty 6",secondary,A,,,,,,
743,Saqqara,Memphite region,model blade,"Old Kingdom, Dynasty 6",secondary,A,,,,,,
744,Saqqara,Memphite region,model blade,"Old Kingdom, Dynasty 6",secondary,A,,,,,,
745,Saqqara,Memphite region,model blade,"Old Kingdom, Dynasty 6",secondary,A,,,,,,
746,Saqqara,Memphite region,model blade,"Old Kingdom, Dynasty 6",secondary,A,,,,,,
747,Saqqara,Memphite region,model blade,"Old Kingdom, Dynasty 6",secondary,A,,,,,,
748,Saqqara,Memphite region,model blade,"Old Kingdom, Dynasty 6",secondary,A,,,,,,
749,Saqqara,Memphite region,model blade,"Old Kingdom, Dynasty 6",secondary,A,,,,,,
750,Saqqara,Memphite region,model blade,"Old Kingdom, Dynasty 6",secondary,A,,,,,,
751,Saqqara,Memphite region,model blade,"Old Kingdom, Dynasty 6",secondary,A,,,,,,
752,Saqqara,Memphite region,model blade,"Old Kingdom, Dynasty 6",secondary,A,,,,,,
753,Saqqara,Memphite region,model blade,"Old Kingdom, Dynasty 6",secondary,D,,,,,,
754,Saqqara,Memphite region,model blade,"Old Kingdom, Dynasty 6",secondary,D,,,,,,
755,Saqqara,Memphite region,model blade,"Old Kingdom, Dynasty 6",secondary,D,,,,,,
756,Saqqara,Memphite region,model blade,"Old Kingdom, Dynasty 6",secondary,D,,,,,,
757,Saqqara,Memphite region,model blade,"Old Kingdom, Dynasty 6",secondary,D,,,,,,
758,Saqqara,Memphite region,model blade,"Old Kingdom, Dynasty 6",secondary,D,,,,,,
759,Saqqara,Memphite region,model blade,"Old Kingdom, Dynasty 6",secondary,D,,,,,,
760,Saqqara,Memphite region,model blade,"Old Kingdom, Dynasty 6",secondary,A,,,,,,
761,Saqqara,Memphite region,model blade,"Old Kingdom, Dynasty 6",secondary,A,,,,,,
430,Saqqara,Memphite region,gilded model blade,"Old Kingdom, Dynasty 6",secondary,D,,,,,,
431,Saqqara,Memphite region,gilded model blade,"Old Kingdom, Dynasty 6",secondary,D,,,,,,
432,Saqqara,Memphite region,gilded model blade,"Old Kingdom, Dynasty 6",secondary,A,,,,,,
400,Saqqara,Memphite region,gilded model blade,"Old Kingdom, Dynasty 6",secondary,A,,,,,,
401,Saqqara,Memphite region,gilded model blade,"Old Kingdom, Dynasty 6",secondary,D,,,,,,
254,Saqqara,Memphite region,model blade,"Old Kingdom, Dynasty 6",secondary,D,107.0,,,10.0,,
255,Saqqara,Memphite region,model artefact with handle,"Old Kingdom, Dynasty 6",secondary,D,86.0,,,6.0,,
256,Saqqara,Memphite region,model artefact with handle,"Old Kingdom, Dynasty 6",secondary,D,87.0,,,5.0,,
739,Saqqara,Memphite region,model blade,"Old Kingdom, Dynasty 6",secondary probably,D,,,,,,
740,Saqqara,Memphite region,model blade,"Old Kingdom, Dynasty 6",secondary probably,D,,,,,,
670,Saqqara,Memphite region,model artefact with handle,"Old Kingdom, Dynasty 6",secondary,A,56.3,,,4.6,4.6,
671,Saqqara,Memphite region,model artefact with handle,"Old Kingdom, Dynasty 6",secondary,A,54.0,,,4.5,4.5,
691,Saqqara,Memphite region,model blade,"Old Kingdom, Dynasty 6",secondary,D,110.5,,,13.0,6.0,
692,Saqqara,Memphite region,model blade,"Old Kingdom, Dynasty 6",secondary,A,114.0,,14.0,14.0,5.0,
674,Saqqara,Memphite region,model blade,"Old Kingdom, Dynasty 6",secondary,A,66.0,,,7.6,2.0,
675,Saqqara,Memphite region,model blade,"Old Kingdom, Dynasty 6",secondary,A,62.0,,,7.4,2.0,
676,Saqqara,Memphite region,model blade,"Old Kingdom, Dynasty 6",secondary,A,,,,4.3,,
677,Saqqara,Memphite region,model blade,"Old Kingdom, Dynasty 6",secondary,A,,,,4.3,,
678,Saqqara,Memphite region,model blade,"Old Kingdom, Dynasty 6",secondary,A,,,,4.3,,
679,Saqqara,Memphite region,model blade,"Old Kingdom, Dynasty 6",secondary,A,,,,4.3,,
680,Saqqara,Memphite region,model blade,"Old Kingdom, Dynasty 6",secondary,D,,,,4.3,,
681,Saqqara,Memphite region,model blade,"Old Kingdom, Dynasty 6",secondary,D,,,,4.0,,
682,Saqqara,Memphite region,model blade,"Old Kingdom, Dynasty 6",secondary,D,,,,4.0,,
683,Saqqara,Memphite region,model blade,"Old Kingdom, Dynasty 6",secondary,D,,,,4.0,,
684,Saqqara,Memphite region,model blade,"Old Kingdom, Dynasty 6",secondary,D,,,,4.0,,
685,Saqqara,Memphite region,model blade,"Old Kingdom, Dynasty 6",secondary,D,,,,,,
686,Saqqara,Memphite region,model blade,"Old Kingdom, Dynasty 6",secondary,D,,,,4.0,,
687,Saqqara,Memphite region,model blade,"Old Kingdom, Dynasty 6",secondary,D,,,,4.0,,
689,Saqqara,Memphite region,model blade,"Old Kingdom, Dynasty 6",secondary,D,,,,4.0,,
690,Saqqara,Memphite region,model blade,"Old Kingdom, Dynasty 6",secondary,D,,,,4.0,,
693,Saqqara,Memphite region,model blade,"Old Kingdom, Dynasty 6",secondary,A,68.0,,,3.0,,
694,Saqqara,Memphite region,model blade,"Old Kingdom, Dynasty 6",secondary,A,66.0,,,3.0,,
695,Saqqara,Memphite region,model blade,"Old Kingdom, Dynasty 6",secondary,A,,,,3.0,,
696,Saqqara,Memphite region,model blade,"Old Kingdom, Dynasty 6",secondary,A,,,,3.0,,
697,Saqqara,Memphite region,model blade,"Old Kingdom, Dynasty 6",secondary,A,,,,3.0,,
698,Saqqara,Memphite region,model blade,"Old Kingdom, Dynasty 6",secondary,A,,,,3.0,,
951,Saqqara,Memphite region,model blade,"Old Kingdom, Dynasty 6",secondary,A,,,,,,
952,Saqqara,Memphite region,model blade,"Old Kingdom, Dynasty 6",secondary,A,,,,,,
669,Saqqara,Memphite region,model blade,"Old Kingdom, Dynasty 6",secondary,A,,,,,,
1103,Saqqara,Memphite region,full size artefact blade,First Intermediate Period / Middle Kingdom,temple,undeterminable,,,,,,
1104,Saqqara,Memphite region,full size artefact blade,First Intermediate Period / Middle Kingdom,temple,undeterminable,,,,,,
1105,Saqqara,Memphite region,full size artefact blade,First Intermediate Period / Middle Kingdom,temple,undeterminable,,,,,,
1106,Saqqara,Memphite region,full size artefact blade,First Intermediate Period / Middle Kingdom,temple,undeterminable,,,,,,
1107,Saqqara,Memphite region,full size artefact blade,First Intermediate Period / Middle Kingdom,temple,undeterminable,,,,,,
1108,Saqqara,Memphite region,full size artefact blade,First Intermediate Period / Middle Kingdom,temple,undeterminable,,,,,,
1109,Saqqara,Memphite region,full size artefact blade,First Intermediate Period / Middle Kingdom,temple,undeterminable,,,,,,
1110,Saqqara,Memphite region,full size artefact blade,First Intermediate Period / Middle Kingdom,temple,undeterminable,,,,,,
1111,Saqqara,Memphite region,full size artefact blade,First Intermediate Period / Middle Kingdom,temple,undeterminable,,,,,,
1112,Saqqara,Memphite region,full size artefact blade,First Intermediate Period / Middle Kingdom,temple,undeterminable,,,,,,
1116,Saqqara,Memphite region,model artefact with handle,,unknown,A,,,,,,
1117,Saqqara,Memphite region,model artefact with handle,,unknown,A,,,,,,
1118,Saqqara,Memphite region,model artefact with handle,,unknown,A,,,,,,
375,unknown,Nubia,full size artefact with handle,"Old Kingdom, Dynasty 4",unknown,C,240.0,,,,,955.0
377,unknown,unknown,full size artefact blade,"Old Kingdom, Dynasty 5",unknown,E,198.0,2.0,11.0,30.0,7.6,273.4
376,unknown,unknown,full size artefact blade,"Old Kingdom, Dynasty 5",unknown,E,238.0,,11.0,35.0,7.9,398.1
378,unknown,,full size artefact blade,"Old Kingdom, Dynasty 5",unknown,E,,,,,,
379,unknown,unknown,full size artefact blade,Old Kingdom general,unknown,G,240.0,,,,,758.0
